Row,Description,Part,References,Value,Footprint,Quantity Per PCB,Status,Datasheet,Sim.Enable,PartNumber,LCSCStockCode
1,"Light emitting diode, small symbol",LED_Small,C0 C1 C2 C3 C4 C5 C6 C7 C8 C9 C10 C11 C12 C13 C14 C15,Yellow,LED_0603_1608Metric,16, ,~,,19-213/Y2C-CQ2R2L/3T(CY),C72038
2,"Generic connector, single row, 01x22, script generated (kicad-library-utils/schlib/autogen/connector/)",Conn_01x22,J2 J5,22PIN,PinHeader_1x22_P2.54mm_Vertical,2, ,~,,X6511WV-22H-C30D60,C725954
3,"Generic connector, single row, 01x02, script generated (kicad-library-utils/schlib/autogen/connector/)",Conn_01x02,J1,FAN_12V,JST_PH_B2B-PH-SM4-TB_1x02-1MP_P2.00mm_Vertical,1, ,~,,B2B-PH-SM4-TB(LF)(SN),C2904974
4,"N-MOSFET transistor, gate/source/drain",Q_NMOS_GSD,Q1 Q2 Q3 Q4 Q5 Q6 Q7 Q8 Q9 Q10 Q11 Q12 Q13 Q14 Q15 Q16,AO3400A,SOT-23,16, ,https://datasheet.lcsc.com/lcsc/2204291600_UMW-Youtai-Semiconductor-Co---Ltd--AO3400A_C347475.pdf,,AO3400A,C347475
5,Industrial Inductive Load Driver,SZNUD3160,Q17,SZNUD3160,SOT-23,1, ,https://www.onsemi.com/pdf/datasheet/nud3160-d.pdf,,SZNUD3160LT1G,C894717
6,Resistor,R,R26 R27 R28 R29 R30 R31 R38 R39 R40 R41 R42 R43 R48 R49 R50 R51,18R 2W,R_2512_6332Metric,16, ,~,,CRH2512J18R0E04Z,C175426
7,Resistor,R,R20 R21 R22 R23 R24 R25 R32 R33 R34 R35 R36 R37 R44 R45 R46 R47,100R,R_0603_1608Metric,16, ,~,,0603WAF1000T5E,C22775
8,"Resistor, small symbol",R_Small,R53 R54 R55 R56 R57 R58 R59 R60 R61 R62 R63 R64 R65 R66 R67 R68,330R,R_0603_1608Metric,16, ,~,,0603WAF3300T5E,C23138
9,"Temperature dependent resistor, negative temperature coefficient",Thermistor_NTC,TH1 TH2,10K NTC,R_0805_2012Metric,2, ,https://datasheet.lcsc.com/szlcsc/Guangdong-Fenghua-Advanced-Tech-CMFB103F3950FANT_C51597.pdf,,CMFB103F3950FANT,C51597
